{"date":"01\/01\/2025","particular":"Opening Balance","debit":0.0,"credit":0.0,"total_balance":"52,415.75 Cr","unique_id":"fb67bdc3-38cc-473e-bc4e-7f21078ef800","transaction_type":"Credit","amount":0.0}
{"date":"02\/01\/2025","particular":"TO TRF UPI\/New Year Party Expenses","debit":3500.0,"credit":0.0,"total_balance":"48,915.75 Cr","unique_id":"768d5611-658b-4f30-8806-ff09a36746b3","transaction_type":"Debit","amount":3500.0}
{"date":"05\/01\/2025","particular":"BY TRF Salary Credit","debit":0.0,"credit":65000.0,"total_balance":"113,915.75 Cr","unique_id":"627f26b5-3c23-437e-9409-ea30bc743939","transaction_type":"Credit","amount":65000.0}
{"date":"07\/01\/2025","particular":"TO TRF UPI\/Grocery Shopping","debit":2800.0,"credit":0.0,"total_balance":"111,115.75 Cr","unique_id":"e90f5054-27f4-4658-9522-97f633fabbcf","transaction_type":"Debit","amount":2800.0}
{"date":"10\/01\/2025","particular":"TO TRF Rent Payment","debit":25000.0,"credit":0.0,"total_balance":"86,115.75 Cr","unique_id":"dce9e4e2-9c0d-482c-9a63-9f71c17c2cab","transaction_type":"Debit","amount":25000.0}
{"date":"12\/01\/2025","particular":"TO TRF UPI\/Electricity Bill","debit":1850.0,"credit":0.0,"total_balance":"84,265.75 Cr","unique_id":"0fda6950-26ec-4dd1-bd30-16d6e64bb123","transaction_type":"Debit","amount":1850.0}
{"date":"15\/01\/2025","particular":"TO TRF Credit Card Bill","debit":12500.0,"credit":0.0,"total_balance":"71,765.75 Cr","unique_id":"c8711d9a-64b3-4151-bfa8-a827543fe92e","transaction_type":"Debit","amount":12500.0}
{"date":"18\/01\/2025","particular":"TO TRF UPI\/Dining Out","debit":2200.0,"credit":0.0,"total_balance":"69,565.75 Cr","unique_id":"0abf5f7f-d64f-489c-b3c5-8ed37efc5a98","transaction_type":"Debit","amount":2200.0}
{"date":"20\/01\/2025","particular":"TO TRF UPI\/Mobile Recharge","debit":999.0,"credit":0.0,"total_balance":"68,566.75 Cr","unique_id":"53ee9a94-1082-4e6a-a6e9-272359a937ef","transaction_type":"Debit","amount":999.0}
{"date":"25\/01\/2025","particular":"TO TRF UPI\/Online Shopping","debit":3500.0,"credit":0.0,"total_balance":"65,066.75 Cr","unique_id":"6e4c8a0f-af4b-41cc-a568-2ac15393ec3c","transaction_type":"Debit","amount":3500.0}
{"date":"28\/01\/2025","particular":"TO TRF UPI\/Gym Membership","debit":2000.0,"credit":0.0,"total_balance":"63,066.75 Cr","unique_id":"22ab7f3f-bbed-4101-abb3-bc995e292a60","transaction_type":"Debit","amount":2000.0}
{"date":"31\/01\/2025","particular":"BY TRF Interest Credit","debit":0.0,"credit":249.0,"total_balance":"63,315.75 Cr","unique_id":"dd1c5544-8caa-4ee8-a4de-c068fc312167","transaction_type":"Credit","amount":249.0}
{"date":"02\/02\/2025","particular":"TO TRF UPI\/W eekend Getaway","debit":5500.0,"credit":0.0,"total_balance":"57,815.75 Cr","unique_id":"07602dff-c463-4c62-b6c9-b65ebf221571","transaction_type":"Debit","amount":5500.0}
{"date":"05\/02\/2025","particular":"BY TRF Salary Credit","debit":0.0,"credit":65000.0,"total_balance":"122,815.75 Cr","unique_id":"a98f8448-5731-4b46-97a4-1f296699f3cb","transaction_type":"Credit","amount":65000.0}
{"date":"07\/02\/2025","particular":"TO TRF UPI\/Grocery Shopping","debit":3200.0,"credit":0.0,"total_balance":"119,615.75 Cr","unique_id":"e1383929-c8de-40ff-9720-eb5408e074a6","transaction_type":"Debit","amount":3200.0}
{"date":"10\/02\/2025","particular":"TO TRF Rent Payment","debit":25000.0,"credit":0.0,"total_balance":"94,615.75 Cr","unique_id":"4488f5b3-e6dd-4e4a-91ab-78315dd2eda7","transaction_type":"Debit","amount":25000.0}
{"date":"12\/02\/2025","particular":"TO TRF Insurance Premium","debit":8500.0,"credit":0.0,"total_balance":"86,115.75 Cr","unique_id":"b3f8b417-363f-4bd3-8e0d-a1ed32ad88af","transaction_type":"Debit","amount":8500.0}
{"date":"15\/02\/2025","particular":"TO TRF Credit Card Bill","debit":15000.0,"credit":0.0,"total_balance":"71,115.75 Cr","unique_id":"1fe7ae83-a9de-4055-ae37-c79fa71cd5b5","transaction_type":"Debit","amount":15000.0}
{"date":"18\/02\/2025","particular":"TO TRF UPI\/V alentine's Day Gift","debit":4000.0,"credit":0.0,"total_balance":"67,115.75 Cr","unique_id":"19795fcb-c56d-47f1-a006-115e4affef18","transaction_type":"Debit","amount":4000.0}
{"date":"20\/02\/2025","particular":"TO TRF UPI\/Car Service","debit":3500.0,"credit":0.0,"total_balance":"63,615.75 Cr","unique_id":"e7ae6f4f-c431-44c4-a2ba-3aed35a7814e","transaction_type":"Debit","amount":3500.0}
{"date":"23\/02\/2025","particular":"BY TRF UPI\/Freelance W ork","debit":0.0,"credit":10000.0,"total_balance":"73,615.75 Cr","unique_id":"df84b62d-c873-46d5-b4fa-8b844bbf74e7","transaction_type":"Credit","amount":10000.0}
{"date":"25\/02\/2025","particular":"TO TRF UPI\/Home Decor Items","debit":6000.0,"credit":0.0,"total_balance":"67,615.75 Cr","unique_id":"fa37b1f4-e074-4446-823b-6cbbbe6a7e98","transaction_type":"Debit","amount":6000.0}
{"date":"28\/02\/2025","particular":"BY TRF Interest Credit","debit":0.0,"credit":267.0,"total_balance":"67,882.75 Cr","unique_id":"c677c421-7f5b-44fc-8f87-ec5b1d748e4d","transaction_type":"Credit","amount":267.0}
{"date":"02\/03\/2025","particular":"TO TRF UPI\/Movie Night","debit":1500.0,"credit":0.0,"total_balance":"66,382.75 Cr","unique_id":"8549ae02-ebe6-42ba-a963-665fc38293b8","transaction_type":"Debit","amount":1500.0}
{"date":"05\/03\/2025","particular":"BY TRF Salary Credit","debit":0.0,"credit":65000.0,"total_balance":"131,382.75 Cr","unique_id":"c2ba2495-f257-4ac0-a53d-9991e58f4272","transaction_type":"Credit","amount":65000.0}
{"date":"07\/03\/2025","particular":"TO TRF UPI\/Grocery Shopping","debit":3500.0,"credit":0.0,"total_balance":"127,882.75 Cr","unique_id":"afdc21e7-e5c4-435e-823f-8854f0fbd883","transaction_type":"Debit","amount":3500.0}
{"date":"10\/03\/2025","particular":"TO TRF Rent Payment","debit":25000.0,"credit":0.0,"total_balance":"102,882.75 Cr","unique_id":"43f41141-77ef-4b2d-9d79-f3ea77e3ebed","transaction_type":"Debit","amount":25000.0}
{"date":"12\/03\/2025","particular":"TO TRF UPI\/Electricity Bill","debit":2100.0,"credit":0.0,"total_balance":"100,782.75 Cr","unique_id":"fa65c972-649c-4e33-a774-e44b54f4a306","transaction_type":"Debit","amount":2100.0}
{"date":"15\/03\/2025","particular":"TO TRF Car Loan EMI","debit":18500.0,"credit":0.0,"total_balance":"82,282.75 Cr","unique_id":"dd43043b-d909-4849-b3e2-3870e8ac0412","transaction_type":"Debit","amount":18500.0}
{"date":"18\/03\/2025","particular":"TO TRF UPI\/Birthday Gift","debit":2500.0,"credit":0.0,"total_balance":"79,782.75 Cr","unique_id":"fe747e31-5ff3-4b40-857e-4fbe5425321d","transaction_type":"Debit","amount":2500.0}
{"date":"20\/03\/2025","particular":"TO TRF UPI\/Online Shopping","debit":7250.0,"credit":0.0,"total_balance":"72,532.75 Cr","unique_id":"095d045d-7805-4c2b-b31a-8daf72e46db2","transaction_type":"Debit","amount":7250.0}
{"date":"23\/03\/2025","particular":"TO TRF UPI\/Dental Appointment","debit":3000.0,"credit":0.0,"total_balance":"69,532.75 Cr","unique_id":"477569e4-57ec-40f3-adde-0ea53aed9abc","transaction_type":"Debit","amount":3000.0}
{"date":"25\/03\/2025","particular":"BY TRF Tax Refund","debit":0.0,"credit":8500.0,"total_balance":"78,032.75 Cr","unique_id":"8da9a40f-20df-4654-851a-432cbe25bc79","transaction_type":"Credit","amount":8500.0}
{"date":"28\/03\/2025","particular":"TO TRF UPI\/Home Repairs","debit":4500.0,"credit":0.0,"total_balance":"73,532.75 Cr","unique_id":"64f10a08-9f9e-4b5c-b445-fcdcc8ab3b4b","transaction_type":"Debit","amount":4500.0}
{"date":"31\/03\/2025","particular":"BY TRF Interest Credit","debit":0.0,"credit":290.0,"total_balance":"73,822.75 Cr","unique_id":"9921aaf3-b344-4af9-81dc-39768999fe00","transaction_type":"Credit","amount":290.0}
{"date":"02\/04\/2025","particular":"TO TRF UPI\/Charity Donation","debit":2000.0,"credit":0.0,"total_balance":"71,822.75 Cr","unique_id":"3a71ea67-7adf-480f-b1c6-063003abf52b","transaction_type":"Debit","amount":2000.0}
{"date":"05\/04\/2025","particular":"BY TRF Salary Credit","debit":0.0,"credit":68000.0,"total_balance":"139,822.75 Cr","unique_id":"dbdb0877-f6b6-4b41-bf06-6cb017bd57f7","transaction_type":"Credit","amount":68000.0}
{"date":"07\/04\/2025","particular":"TO TRF UPI\/Grocery Shopping","debit":3800.0,"credit":0.0,"total_balance":"136,022.75 Cr","unique_id":"83fb799f-dce5-4b71-bf7a-38c1de329aef","transaction_type":"Debit","amount":3800.0}
{"date":"10\/04\/2025","particular":"TO TRF Rent Payment","debit":25000.0,"credit":0.0,"total_balance":"111,022.75 Cr","unique_id":"1eb09233-c828-4007-969c-2c986e89b630","transaction_type":"Debit","amount":25000.0}
{"date":"12\/04\/2025","particular":"TO TRF UPI\/Electricity Bill","debit":2300.0,"credit":0.0,"total_balance":"108,722.75 Cr","unique_id":"4ddf520d-eaaf-4d8f-9856-b075bdec3317","transaction_type":"Debit","amount":2300.0}
{"date":"15\/04\/2025","particular":"TO TRF Credit Card Bill","debit":20000.0,"credit":0.0,"total_balance":"88,722.75 Cr","unique_id":"bcebe707-963e-4cda-afc8-b4c7fff47469","transaction_type":"Debit","amount":20000.0}
{"date":"18\/04\/2025","particular":"TO TRF UPI\/New Smartphone","debit":15000.0,"credit":0.0,"total_balance":"73,722.75 Cr","unique_id":"00ed4e81-abcc-4370-bce3-121e0458a464","transaction_type":"Debit","amount":15000.0}
{"date":"20\/04\/2025","particular":"TO TRF UPI\/W edding Gift","debit":5000.0,"credit":0.0,"total_balance":"68,722.75 Cr","unique_id":"f128c467-a0ab-4db2-8de5-de057c06a718","transaction_type":"Debit","amount":5000.0}
{"date":"23\/04\/2025","particular":"BY TRF UPI\/Freelance W ork","debit":0.0,"credit":12000.0,"total_balance":"80,722.75 Cr","unique_id":"e35abb7c-3382-4fd1-a8aa-e11a15a2a94a","transaction_type":"Credit","amount":12000.0}
{"date":"25\/04\/2025","particular":"TO TRF UPI\/Home Appliance","debit":8000.0,"credit":0.0,"total_balance":"72,722.75 Cr","unique_id":"474fc54b-474f-4738-9201-edee97231787","transaction_type":"Debit","amount":8000.0}
{"date":"28\/04\/2025","particular":"TO TRF UPI\/Car Insurance","debit":6500.0,"credit":0.0,"total_balance":"66,222.75 Cr","unique_id":"85c81baa-d7ac-41ce-8551-4fa33b5e229b","transaction_type":"Debit","amount":6500.0}
{"date":"30\/04\/2025","particular":"BY TRF Interest Credit","debit":0.0,"credit":261.0,"total_balance":"66,483.75 Cr","unique_id":"c2fd7799-75cd-47e5-b540-b0024101396a","transaction_type":"Credit","amount":261.0}
{"date":"02\/05\/2025","particular":"TO TRF UPI\/W eekend Trip","debit":7000.0,"credit":0.0,"total_balance":"59,483.75 Cr","unique_id":"eeed1eaa-a0dc-4e93-900c-2e3388391d7e","transaction_type":"Debit","amount":7000.0}
{"date":"05\/05\/2025","particular":"BY TRF Salary Credit","debit":0.0,"credit":68000.0,"total_balance":"127,483.75 Cr","unique_id":"d4fd2916-a6f8-4633-9ba1-ca52a67c2a91","transaction_type":"Credit","amount":68000.0}
{"date":"07\/05\/2025","particular":"TO TRF UPI\/Grocery Shopping","debit":4000.0,"credit":0.0,"total_balance":"123,483.75 Cr","unique_id":"01f6ceb7-c621-4b33-85e0-f1088f684ee3","transaction_type":"Debit","amount":4000.0}
{"date":"10\/05\/2025","particular":"TO TRF Rent Payment","debit":25000.0,"credit":0.0,"total_balance":"98,483.75 Cr","unique_id":"3760ed53-0970-466c-a3c4-f74bb636bd74","transaction_type":"Debit","amount":25000.0}
{"date":"12\/05\/2025","particular":"TO TRF Family Vacation Expenses","debit":75000.0,"credit":0.0,"total_balance":"23 Cr","unique_id":"a4a6286c-ec61-452f-98de-b1d0a3b80408","transaction_type":"Debit","amount":75000.0}
